{"_id":{"$oid":"5e97ac4c1a0adb32e8e6251a"},"destination":"Madrid","airline":"Ryanair","date":"02/07/20"}
{"_id":{"$oid":"5e9a5d3e1c9d44000075009d"},"destination":"Barcelona","airline":"Lufthansa","date":"04/04/2020"}
{"_id":{"$oid":"5e9a5d881c9d44000075009e"},"destination":"London","airline":"Aer Lingus","date":"07/08/20"}
{"_id":{"$oid":"5e9a5df81c9d44000075009f"},"destination":"Munich","airline":"Delta","date":"09/11/20"}
{"_id":{"$oid":"5e9a5e251c9d4400007500a0"},"destination":"Paris","airline":"Lufthansa","date":"17/05/20"}
{"_id":{"$oid":"5e9a5e3d1c9d4400007500a1"},"destination":"Amsterdam","airline":"Aer Lingus","date":"22/09/20"}
